DATE,UNRATE
1967-01-01,3.9
1967-02-01,3.8
1967-03-01,3.8
1967-04-01,3.8
1967-05-01,3.8
1967-06-01,3.9
1967-07-01,3.8
1967-08-01,3.8
1967-09-01,3.8
1967-10-01,4.0
1967-11-01,3.9
1967-12-01,3.8
1968-01-01,3.7
1968-02-01,3.8
1968-03-01,3.7
1968-04-01,3.5
1968-05-01,3.5
1968-06-01,3.7
1968-07-01,3.7
1968-08-01,3.5
1968-09-01,3.4
1968-10-01,3.4
1968-11-01,3.4
1968-12-01,3.4
1969-01-01,3.4
1969-02-01,3.4
1969-03-01,3.4
1969-04-01,3.4
1969-05-01,3.4
1969-06-01,3.5
1969-07-01,3.5
1969-08-01,3.5
1969-09-01,3.7
1969-10-01,3.7
1969-11-01,3.5
1969-12-01,3.5
1970-01-01,3.9
1970-02-01,4.2
1970-03-01,4.4
1970-04-01,4.6
1970-05-01,4.8
1970-06-01,4.9
1970-07-01,5.0
1970-08-01,5.1
1970-09-01,5.4
1970-10-01,5.5
1970-11-01,5.9
1970-12-01,6.1
1971-01-01,5.9
1971-02-01,5.9
1971-03-01,6.0
1971-04-01,5.9
1971-05-01,5.9
1971-06-01,5.9
1971-07-01,6.0
1971-08-01,6.1
1971-09-01,6.0
1971-10-01,5.8
1971-11-01,6.0
1971-12-01,6.0
1972-01-01,5.8
1972-02-01,5.7
1972-03-01,5.8
1972-04-01,5.7
1972-05-01,5.7
1972-06-01,5.7
1972-07-01,5.6
1972-08-01,5.6
1972-09-01,5.5
1972-10-01,5.6
1972-11-01,5.3
1972-12-01,5.2
1973-01-01,4.9
1973-02-01,5.0
1973-03-01,4.9
1973-04-01,5.0
1973-05-01,4.9
1973-06-01,4.9
1973-07-01,4.8
1973-08-01,4.8
1973-09-01,4.8
1973-10-01,4.6
1973-11-01,4.8
1973-12-01,4.9
1974-01-01,5.1
1974-02-01,5.2
1974-03-01,5.1
1974-04-01,5.1
1974-05-01,5.1
1974-06-01,5.4
1974-07-01,5.5
1974-08-01,5.5
1974-09-01,5.9
1974-10-01,6.0
1974-11-01,6.6
1974-12-01,7.2
1975-01-01,8.1
1975-02-01,8.1
1975-03-01,8.6
1975-04-01,8.8
1975-05-01,9.0
1975-06-01,8.8
1975-07-01,8.6
1975-08-01,8.4
1975-09-01,8.4
1975-10-01,8.4
1975-11-01,8.3
1975-12-01,8.2
1976-01-01,7.9
1976-02-01,7.7
1976-03-01,7.6
1976-04-01,7.7
1976-05-01,7.4
1976-06-01,7.6
1976-07-01,7.8
1976-08-01,7.8
1976-09-01,7.6
1976-10-01,7.7
1976-11-01,7.8
1976-12-01,7.8
1977-01-01,7.5
1977-02-01,7.6
1977-03-01,7.4
1977-04-01,7.2
1977-05-01,7.0
1977-06-01,7.2
1977-07-01,6.9
1977-08-01,7.0
1977-09-01,6.8
1977-10-01,6.8
1977-11-01,6.8
1977-12-01,6.4
1978-01-01,6.4
1978-02-01,6.3
1978-03-01,6.3
1978-04-01,6.1
1978-05-01,6.0
1978-06-01,5.9
1978-07-01,6.2
1978-08-01,5.9
1978-09-01,6.0
1978-10-01,5.8
1978-11-01,5.9
1978-12-01,6.0
1979-01-01,5.9
1979-02-01,5.9
1979-03-01,5.8
1979-04-01,5.8
1979-05-01,5.6
1979-06-01,5.7
1979-07-01,5.7
1979-08-01,6.0
1979-09-01,5.9
1979-10-01,6.0
1979-11-01,5.9
1979-12-01,6.0
1980-01-01,6.3
1980-02-01,6.3
1980-03-01,6.3
1980-04-01,6.9
1980-05-01,7.5
1980-06-01,7.6
1980-07-01,7.8
1980-08-01,7.7
1980-09-01,7.5
1980-10-01,7.5
1980-11-01,7.5
1980-12-01,7.2
1981-01-01,7.5
1981-02-01,7.4
1981-03-01,7.4
1981-04-01,7.2
1981-05-01,7.5
1981-06-01,7.5
1981-07-01,7.2
1981-08-01,7.4
1981-09-01,7.6
1981-10-01,7.9
1981-11-01,8.3
1981-12-01,8.5
1982-01-01,8.6
1982-02-01,8.9
1982-03-01,9.0
1982-04-01,9.3
1982-05-01,9.4
1982-06-01,9.6
1982-07-01,9.8
1982-08-01,9.8
1982-09-01,10.1
1982-10-01,10.4
1982-11-01,10.8
1982-12-01,10.8
1983-01-01,10.4
1983-02-01,10.4
1983-03-01,10.3
1983-04-01,10.2
1983-05-01,10.1
1983-06-01,10.1
1983-07-01,9.4
1983-08-01,9.5
1983-09-01,9.2
1983-10-01,8.8
1983-11-01,8.5
1983-12-01,8.3
1984-01-01,8.0
1984-02-01,7.8
1984-03-01,7.8
1984-04-01,7.7
1984-05-01,7.4
1984-06-01,7.2
1984-07-01,7.5
1984-08-01,7.5
1984-09-01,7.3
1984-10-01,7.4
1984-11-01,7.2
1984-12-01,7.3
1985-01-01,7.3
1985-02-01,7.2
1985-03-01,7.2
1985-04-01,7.3
1985-05-01,7.2
1985-06-01,7.4
1985-07-01,7.4
1985-08-01,7.1
1985-09-01,7.1
1985-10-01,7.1
1985-11-01,7.0
1985-12-01,7.0
1986-01-01,6.7
1986-02-01,7.2
1986-03-01,7.2
1986-04-01,7.1
1986-05-01,7.2
1986-06-01,7.2
1986-07-01,7.0
1986-08-01,6.9
1986-09-01,7.0
1986-10-01,7.0
1986-11-01,6.9
1986-12-01,6.6
1987-01-01,6.6
1987-02-01,6.6
1987-03-01,6.6
1987-04-01,6.3
1987-05-01,6.3
1987-06-01,6.2
1987-07-01,6.1
1987-08-01,6.0
1987-09-01,5.9
1987-10-01,6.0
1987-11-01,5.8
1987-12-01,5.7
1988-01-01,5.7
1988-02-01,5.7
1988-03-01,5.7
1988-04-01,5.4
1988-05-01,5.6
1988-06-01,5.4
1988-07-01,5.4
1988-08-01,5.6
1988-09-01,5.4
1988-10-01,5.4
1988-11-01,5.3
1988-12-01,5.3
1989-01-01,5.4
1989-02-01,5.2
1989-03-01,5.0
1989-04-01,5.2
1989-05-01,5.2
1989-06-01,5.3
1989-07-01,5.2
1989-08-01,5.2
1989-09-01,5.3
1989-10-01,5.3
1989-11-01,5.4
1989-12-01,5.4
1990-01-01,5.4
1990-02-01,5.3
1990-03-01,5.2
1990-04-01,5.4
1990-05-01,5.4
1990-06-01,5.2
1990-07-01,5.5
1990-08-01,5.7
1990-09-01,5.9
1990-10-01,5.9
1990-11-01,6.2
1990-12-01,6.3
1991-01-01,6.4
1991-02-01,6.6
1991-03-01,6.8
1991-04-01,6.7
1991-05-01,6.9
1991-06-01,6.9
1991-07-01,6.8
1991-08-01,6.9
1991-09-01,6.9
1991-10-01,7.0
1991-11-01,7.0
1991-12-01,7.3
1992-01-01,7.3
1992-02-01,7.4
1992-03-01,7.4
1992-04-01,7.4
1992-05-01,7.6
1992-06-01,7.8
1992-07-01,7.7
1992-08-01,7.6
1992-09-01,7.6
1992-10-01,7.3
1992-11-01,7.4
1992-12-01,7.4
1993-01-01,7.3
1993-02-01,7.1
1993-03-01,7.0
1993-04-01,7.1
1993-05-01,7.1
1993-06-01,7.0
1993-07-01,6.9
1993-08-01,6.8
1993-09-01,6.7
1993-10-01,6.8
1993-11-01,6.6
1993-12-01,6.5
1994-01-01,6.6
1994-02-01,6.6
1994-03-01,6.5
1994-04-01,6.4
1994-05-01,6.1
1994-06-01,6.1
1994-07-01,6.1
1994-08-01,6.0
1994-09-01,5.9
1994-10-01,5.8
1994-11-01,5.6
1994-12-01,5.5
1995-01-01,5.6
1995-02-01,5.4
1995-03-01,5.4
1995-04-01,5.8
1995-05-01,5.6
1995-06-01,5.6
1995-07-01,5.7
1995-08-01,5.7
1995-09-01,5.6
1995-10-01,5.5
1995-11-01,5.6
1995-12-01,5.6
1996-01-01,5.6
1996-02-01,5.5
1996-03-01,5.5
1996-04-01,5.6
1996-05-01,5.6
1996-06-01,5.3
1996-07-01,5.5
1996-08-01,5.1
1996-09-01,5.2
1996-10-01,5.2
1996-11-01,5.4
1996-12-01,5.4
1997-01-01,5.3
1997-02-01,5.2
1997-03-01,5.2
1997-04-01,5.1
1997-05-01,4.9
1997-06-01,5.0
1997-07-01,4.9
1997-08-01,4.8
1997-09-01,4.9
1997-10-01,4.7
1997-11-01,4.6
1997-12-01,4.7
1998-01-01,4.6
1998-02-01,4.6
1998-03-01,4.7
1998-04-01,4.3
1998-05-01,4.4
1998-06-01,4.5
1998-07-01,4.5
1998-08-01,4.5
1998-09-01,4.6
1998-10-01,4.5
1998-11-01,4.4
1998-12-01,4.4
1999-01-01,4.3
1999-02-01,4.4
1999-03-01,4.2
1999-04-01,4.3
1999-05-01,4.2
1999-06-01,4.3
1999-07-01,4.3
1999-08-01,4.2
1999-09-01,4.2
1999-10-01,4.1
1999-11-01,4.1
1999-12-01,4.0
2000-01-01,4.0
2000-02-01,4.1
2000-03-01,4.0
2000-04-01,3.8
2000-05-01,4.0
2000-06-01,4.0
2000-07-01,4.0
2000-08-01,4.1
2000-09-01,3.9
2000-10-01,3.9
2000-11-01,3.9
2000-12-01,3.9
2001-01-01,4.2
2001-02-01,4.2
2001-03-01,4.3
2001-04-01,4.4
2001-05-01,4.3
2001-06-01,4.5
2001-07-01,4.6
2001-08-01,4.9
2001-09-01,5.0
2001-10-01,5.3
2001-11-01,5.5
2001-12-01,5.7
2002-01-01,5.7
2002-02-01,5.7
2002-03-01,5.7
2002-04-01,5.9
2002-05-01,5.8
2002-06-01,5.8
2002-07-01,5.8
2002-08-01,5.7
2002-09-01,5.7
2002-10-01,5.7
2002-11-01,5.9
2002-12-01,6.0
2003-01-01,5.8
2003-02-01,5.9
2003-03-01,5.9
2003-04-01,6.0
2003-05-01,6.1
2003-06-01,6.3
2003-07-01,6.2
2003-08-01,6.1
2003-09-01,6.1
2003-10-01,6.0
2003-11-01,5.8
2003-12-01,5.7
2004-01-01,5.7
2004-02-01,5.6
2004-03-01,5.8
2004-04-01,5.6
2004-05-01,5.6
2004-06-01,5.6
2004-07-01,5.5
2004-08-01,5.4
2004-09-01,5.4
2004-10-01,5.5
2004-11-01,5.4
2004-12-01,5.4
2005-01-01,5.3
2005-02-01,5.4
2005-03-01,5.2
2005-04-01,5.2
2005-05-01,5.1
2005-06-01,5.0
2005-07-01,5.0
2005-08-01,4.9
2005-09-01,5.0
2005-10-01,5.0
2005-11-01,5.0
2005-12-01,4.9
2006-01-01,4.7
2006-02-01,4.8
2006-03-01,4.7
2006-04-01,4.7
2006-05-01,4.6
2006-06-01,4.6
2006-07-01,4.7
2006-08-01,4.7
2006-09-01,4.5
2006-10-01,4.4
2006-11-01,4.5
2006-12-01,4.4
2007-01-01,4.6
2007-02-01,4.5
2007-03-01,4.4
2007-04-01,4.5
2007-05-01,4.4
2007-06-01,4.6
2007-07-01,4.7
2007-08-01,4.6
2007-09-01,4.7
2007-10-01,4.7
2007-11-01,4.7
2007-12-01,5.0
2008-01-01,5.0
2008-02-01,4.9
2008-03-01,5.1
2008-04-01,5.0
2008-05-01,5.4
2008-06-01,5.6
2008-07-01,5.8
2008-08-01,6.1
2008-09-01,6.1
2008-10-01,6.5
2008-11-01,6.8
2008-12-01,7.3
2009-01-01,7.8
2009-02-01,8.3
2009-03-01,8.7
2009-04-01,9.0
2009-05-01,9.4
2009-06-01,9.5
2009-07-01,9.5
2009-08-01,9.6
2009-09-01,9.8
2009-10-01,10.0
2009-11-01,9.9
2009-12-01,9.9
2010-01-01,9.8
2010-02-01,9.8
2010-03-01,9.9
2010-04-01,9.9
2010-05-01,9.6
2010-06-01,9.4
2010-07-01,9.4
2010-08-01,9.5
2010-09-01,9.5
2010-10-01,9.4
2010-11-01,9.8
2010-12-01,9.3
2011-01-01,9.1
2011-02-01,9.0
2011-03-01,9.0
2011-04-01,9.1
2011-05-01,9.0
2011-06-01,9.1
2011-07-01,9.0
2011-08-01,9.0
2011-09-01,9.0
2011-10-01,8.8
2011-11-01,8.6
2011-12-01,8.5
2012-01-01,8.3
2012-02-01,8.3
2012-03-01,8.2
2012-04-01,8.2
2012-05-01,8.2
2012-06-01,8.2
2012-07-01,8.2
2012-08-01,8.1
2012-09-01,7.8
2012-10-01,7.8
2012-11-01,7.7
2012-12-01,7.9
2013-01-01,8.0
2013-02-01,7.7
2013-03-01,7.5
2013-04-01,7.6
2013-05-01,7.5
2013-06-01,7.5
2013-07-01,7.3
2013-08-01,7.2
2013-09-01,7.2
2013-10-01,7.2
2013-11-01,6.9
2013-12-01,6.7
2014-01-01,6.6
2014-02-01,6.7
2014-03-01,6.7
2014-04-01,6.2
2014-05-01,6.3
2014-06-01,6.1
2014-07-01,6.2
2014-08-01,6.1
2014-09-01,5.9
2014-10-01,5.7
2014-11-01,5.8
2014-12-01,5.6
2015-01-01,5.7
2015-02-01,5.5
2015-03-01,5.4
2015-04-01,5.4
2015-05-01,5.6
2015-06-01,5.3
2015-07-01,5.2
2015-08-01,5.1
2015-09-01,5.0
2015-10-01,5.0
2015-11-01,5.1
2015-12-01,5.0
2016-01-01,4.8
2016-02-01,4.9
2016-03-01,5.0
2016-04-01,5.1
2016-05-01,4.8
2016-06-01,4.9
2016-07-01,4.8
2016-08-01,4.9
2016-09-01,5.0
2016-10-01,4.9
2016-11-01,4.7
2016-12-01,4.7
2017-01-01,4.7
2017-02-01,4.6
2017-03-01,4.4
2017-04-01,4.5
2017-05-01,4.4
2017-06-01,4.3
2017-07-01,4.3
2017-08-01,4.4
2017-09-01,4.2
2017-10-01,4.1
2017-11-01,4.2
2017-12-01,4.1
2018-01-01,4.0
2018-02-01,4.1
2018-03-01,4.0
2018-04-01,4.0
2018-05-01,3.8
2018-06-01,4.0
2018-07-01,3.8
2018-08-01,3.8
2018-09-01,3.7
2018-10-01,3.8
2018-11-01,3.8
2018-12-01,3.9
2019-01-01,4.0
2019-02-01,3.8
2019-03-01,3.8
2019-04-01,3.7
2019-05-01,3.7
2019-06-01,3.6
2019-07-01,3.6
2019-08-01,3.7
2019-09-01,3.5
2019-10-01,3.6
2019-11-01,3.6
2019-12-01,3.6
2020-01-01,3.5
2020-02-01,3.5
2020-03-01,4.4
2020-04-01,14.8
2020-05-01,13.3
2020-06-01,11.1
2020-07-01,10.2
