,DATE,ICSA,UNRATE,CPIAUCSL,DGS10,HOUST,INDPRO,CLOSE,CP,EXPGS,GDPC1,NETEXP
0,1985-01-01,370750.0,7.3,105.7,11.384285714285713,1711.0,56.1398,179.630005,204.768,306.01,7824.247,-91.298
1,1985-02-01,391750.0,7.2,106.3,11.508888888888889,1632.0,56.3323,181.179993,,,,
2,1985-03-01,380800.0,7.2,106.8,11.855238095238096,1800.0,56.4232,180.660004,,,,
3,1985-04-01,398250.0,7.3,107.0,11.434761904761904,1821.0,56.2693,179.830002,205.85,304.126,7893.136,-114.445
4,1985-05-01,392750.0,7.2,107.2,10.84681818181818,1680.0,56.3488,189.550003,,,,
5,1985-06-01,392400.0,7.4,107.5,10.156,1676.0,56.3901,191.850006,,,,
6,1985-07-01,378250.0,7.4,107.7,10.30681818181818,1684.0,56.0234,190.919998,209.89,297.273,8013.674,-116.895
7,1985-08-01,404400.0,7.1,107.9,10.33181818181818,1743.0,56.2555,188.630005,,,,
8,1985-09-01,408500.0,7.1,108.1,10.373157894736842,1676.0,56.4983,182.080002,,,,
9,1985-10-01,405750.0,7.1,108.5,10.23681818181818,1834.0,56.2648,189.820007,211.649,305.433,8073.239,-133.434
10,1985-11-01,393400.0,7.0,109.0,9.78157894736842,1698.0,56.4549,202.169998,,,,
11,1985-12-01,385250.0,7.0,109.5,9.25904761904762,1942.0,57.0458,211.279999,,,,
12,1986-01-01,366750.0,6.7,109.9,9.193809523809524,1972.0,57.3104,211.779999,176.84,313.404,8148.603,-126.014
13,1986-02-01,369500.0,7.2,109.7,8.704210526315789,1848.0,56.9344,226.919998,,,,
14,1986-03-01,381200.0,7.2,109.1,7.7785,1876.0,56.542,238.899994,,,,
15,1986-04-01,385750.0,7.1,108.7,7.299090909090909,1933.0,56.5599,235.520004,172.969,315.119,8185.303,-128.872
16,1986-05-01,386000.0,7.2,109.0,7.70952380952381,1854.0,56.6823,247.350006,,,,
17,1986-06-01,370500.0,7.2,109.4,7.7995238095238095,1847.0,56.4976,250.839996,,,,
18,1986-07-01,362000.0,7.0,109.5,7.303181818181818,1782.0,56.814,236.119995,171.499,320.471,8263.639,-138.961
19,1986-08-01,407400.0,6.9,109.6,7.1657142857142855,1807.0,56.7381,252.929993,,,,
20,1986-09-01,395500.0,7.0,110.0,7.447619047619046,1687.0,56.8532,231.320007,,,,
21,1986-10-01,383250.0,7.0,110.2,7.426363636363635,1681.0,57.1191,243.979996,175.984,334.999,8308.021,-133.629
22,1986-11-01,363200.0,6.9,110.4,7.250555555555556,1623.0,57.3792,249.220001,,,,
23,1986-12-01,358250.0,6.6,110.8,7.112727272727273,1833.0,57.8623,242.169998,,,,
24,1987-01-01,345600.0,6.6,111.4,7.0845,1774.0,57.685,274.079987,187.831,336.451,8369.93,-141.234
25,1987-02-01,348750.0,6.6,111.8,7.2505263157894735,1784.0,58.4399,284.200012,,,,
26,1987-03-01,333250.0,6.6,112.2,7.248636363636363,1726.0,58.516,291.700012,,,,
27,1987-04-01,336250.0,6.3,112.7,8.022857142857143,1614.0,58.8851,288.359985,215.335,355.36,8460.233,-146.977
28,1987-05-01,331000.0,6.3,113.0,8.613,1628.0,59.2653,290.100006,,,,
29,1987-06-01,322250.0,6.2,113.5,8.402272727272726,1594.0,59.5409,304.0,,,,
30,1987-07-01,319250.0,6.1,113.8,8.446818181818182,1575.0,59.9536,318.660004,230.169,371.854,8533.635,-145.464
31,1987-08-01,325600.0,6.0,114.3,8.76047619047619,1605.0,60.4517,329.799988,,,,
32,1987-09-01,309750.0,5.9,114.7,9.421904761904761,1695.0,60.6069,321.829987,,,,
33,1987-10-01,300000.0,6.0,115.0,9.52,1515.0,61.491,251.789993,239.018,392.107,8680.162,-145.405
34,1987-11-01,306750.0,5.8,115.4,8.860526315789473,1656.0,61.8137,230.300003,,,,
35,1987-12-01,318750.0,5.7,115.6,8.987727272727271,1400.0,62.119,247.080002,,,,
36,1988-01-01,335600.0,5.7,116.0,8.66578947368421,1271.0,62.1469,257.070007,249.639,418.727,8725.006,-123.987
37,1988-02-01,318750.0,5.7,116.2,8.212,1473.0,62.4169,267.820007,,,,
38,1988-03-01,305500.0,5.7,116.5,8.373478260869565,1532.0,62.5418,258.890015,,,,
39,1988-04-01,312200.0,5.4,117.2,8.7185,1573.0,62.8959,261.329987,265.179,439.471,8839.641,-106.627
40,1988-05-01,313750.0,5.6,117.5,9.08904761904762,1421.0,62.8223,262.160004,,,,
41,1988-06-01,308250.0,5.4,118.0,8.921363636363635,1478.0,62.9823,273.5,,,,
42,1988-07-01,321600.0,5.4,118.5,9.056,1467.0,63.0093,272.019989,264.662,453.586,8891.435,-99.263
43,1988-08-01,314750.0,5.6,119.0,9.260434782608696,1493.0,63.2723,261.519989,,,,
44,1988-09-01,304500.0,5.4,119.5,8.977142857142857,1492.0,63.099,271.910004,,,,
45,1988-10-01,291400.0,5.4,119.9,8.7955,1522.0,63.4122,278.970001,276.88,466.619,9009.913,-107.694
46,1988-11-01,290500.0,5.3,120.3,8.9625,1569.0,63.5128,273.700012,,,,
47,1988-12-01,293200.0,5.3,120.7,9.105714285714285,1563.0,63.8233,277.720001,,,,
48,1989-01-01,289750.0,5.4,121.2,9.0915,1621.0,64.0153,297.470001,275.1,485.189,9101.508,-100.965
49,1989-02-01,303750.0,5.2,121.6,9.168947368421053,1425.0,63.7242,288.859985,,,,
50,1989-03-01,322000.0,5.0,122.2,9.357727272727272,1422.0,63.8691,294.869995,,,,
51,1989-04-01,311800.0,5.2,123.1,9.1755,1339.0,63.9124,309.640015,268.646,507.229,9170.977,-88.16
52,1989-05-01,324500.0,5.2,123.7,8.85909090909091,1331.0,63.4884,320.519989,,,,
53,1989-06-01,333000.0,5.3,124.1,8.277272727272726,1397.0,63.5187,317.980011,,,,
54,1989-07-01,341600.0,5.2,124.5,8.0185,1427.0,62.9354,346.079987,257.909,509.352,9238.923,-75.075
55,1989-08-01,334500.0,5.2,124.5,8.112608695652174,1332.0,63.5168,351.450012,,,,
56,1989-09-01,336000.0,5.3,124.8,8.1905,1279.0,63.2954,349.149994,,,,
57,1989-10-01,363250.0,5.3,125.4,8.007619047619047,1410.0,63.2542,340.359985,258.272,515.387,9257.128,-82.765
58,1989-11-01,336750.0,5.4,125.9,7.874285714285714,1351.0,63.4616,345.98999,,,,
59,1989-12-01,355200.0,5.4,126.3,7.836,1251.0,63.8467,353.399994,,,,
60,1990-01-01,361000.0,5.4,127.5,8.206666666666665,1551.0,63.4228,329.079987,268.869,538.232,9358.289,-88.536
61,1990-02-01,358250.0,5.3,128.0,8.473157894736842,1437.0,64.0446,331.890015,,,,
62,1990-03-01,345200.0,5.2,128.6,8.588636363636363,1289.0,64.358,339.940002,,,,
63,1990-04-01,361750.0,5.4,128.9,8.7855,1248.0,64.2602,330.799988,282.342,545.925,9392.251,-68.833
64,1990-05-01,355250.0,5.4,129.1,8.758181818181818,1212.0,64.3973,361.230011,,,,
65,1990-06-01,362400.0,5.2,129.9,8.48,1177.0,64.6041,358.019989,,,,
66,1990-07-01,367000.0,5.5,130.5,8.471428571428572,1171.0,64.5205,356.149994,288.2,555.149,9398.499,-74.953
67,1990-08-01,384250.0,5.7,131.6,8.752608695652174,1115.0,64.7326,322.559998,,,,
68,1990-09-01,394000.0,5.9,132.5,8.893157894736841,1110.0,64.8145,306.049988,,,,
69,1990-10-01,425250.0,5.9,133.4,8.719545454545454,1014.0,64.3274,304.0,289.53,568.186,9312.937,-79.096
70,1990-11-01,446750.0,6.2,133.7,8.392,1145.0,63.5753,322.220001,,,,
71,1990-12-01,455000.0,6.3,134.2,8.075,969.0,63.1594,330.220001,,,,
72,1991-01-01,439750.0,6.4,134.7,8.091904761904763,798.0,62.8852,343.929993,303.293,573.177,9269.367,-47.14
73,1991-02-01,484000.0,6.6,134.8,7.854736842105263,965.0,62.4462,367.070007,,,,
74,1991-03-01,498600.0,6.8,134.8,8.11,921.0,62.119,375.220001,,,,
75,1991-04-01,467250.0,6.7,135.1,8.039090909090909,1001.0,62.2415,375.339996,309.454,590.733,9341.642,-23.188
76,1991-05-01,447000.0,6.9,135.6,8.067727272727272,996.0,62.8646,389.829987,,,,
77,1991-06-01,428600.0,6.9,136.0,8.284,1036.0,63.4372,371.160004,,,,
78,1991-07-01,418250.0,6.8,136.2,8.272727272727272,1063.0,63.5128,387.809998,314.815,600.595,9388.845,-21.074
79,1991-08-01,431600.0,6.9,136.6,7.9,1049.0,63.5671,395.429993,,,,
80,1991-09-01,424500.0,6.9,137.0,7.65,1015.0,64.133,387.859985,,,,
81,1991-10-01,422750.0,7.0,137.2,7.5272727272727264,1079.0,64.0213,392.450012,318.455,615.217,9421.565,-23.053
82,1991-11-01,445400.0,7.0,137.8,7.417368421052631,1103.0,63.948,375.220001,,,,
83,1991-12-01,456750.0,7.3,138.2,7.088571428571429,1079.0,63.6937,417.089996,,,,
84,1992-01-01,439000.0,7.3,138.3,7.032380952380952,1176.0,63.3374,408.779999,328.586,625.287,9534.346,-20.536
85,1992-02-01,442200.0,7.4,138.6,7.337894736842106,1250.0,63.7911,412.700012,,,,
86,1992-03-01,429500.0,7.4,139.1,7.542272727272726,1297.0,64.3212,403.690002,,,,
87,1992-04-01,418250.0,7.4,139.4,7.480476190476191,1099.0,64.8088,414.950012,340.749,626.163,9637.732,-32.788
88,1992-05-01,417400.0,7.6,139.7,7.392,1214.0,65.0202,415.350006,,,,
89,1992-06-01,418750.0,7.8,140.1,7.261818181818183,1145.0,65.0295,408.140015,,,,
90,1992-07-01,442750.0,7.7,140.5,6.844545454545456,1139.0,65.6172,424.209991,323.237,639.365,9732.979,-38.488
91,1992-08-01,407200.0,7.6,140.8,6.585714285714285,1226.0,65.2943,414.029999,,,,
92,1992-09-01,417000.0,7.6,141.1,6.415238095238095,1186.0,65.446,417.799988,,,,
93,1992-10-01,377800.0,7.3,141.7,6.589047619047619,1244.0,65.9369,418.679993,330.015,641.396,9834.51,-47.14
94,1992-11-01,362250.0,7.4,142.1,6.873157894736842,1214.0,66.2174,431.350006,,,,
95,1992-12-01,339000.0,7.4,142.3,6.77,1227.0,66.2772,435.709991,,,,
96,1993-01-01,345600.0,7.3,142.8,6.6,1210.0,66.5643,438.779999,328.957,643.606,9850.973,-55.704
97,1993-02-01,338250.0,7.1,143.1,6.258947368421053,1210.0,66.8594,443.380005,,,,
98,1993-03-01,351000.0,7.0,143.3,5.975217391304348,1083.0,66.7658,451.670013,,,,
99,1993-04-01,354750.0,7.1,143.8,5.9695238095238095,1258.0,67.0,440.190002,343.279,653.094,9908.347,-63.187
100,1993-05-01,343600.0,7.1,144.2,6.0355,1260.0,66.7674,450.190002,,,,
101,1993-06-01,342750.0,7.0,144.3,5.962727272727273,1280.0,66.8781,450.529999,,,,
102,1993-07-01,350800.0,6.9,144.5,5.805238095238095,1254.0,67.0845,448.130005,355.933,650.897,9955.641,-68.354
103,1993-08-01,341000.0,6.8,144.8,5.677727272727273,1300.0,67.014,463.559998,,,,
104,1993-09-01,339000.0,6.7,145.0,5.36,1343.0,67.3345,458.929993,,,,
105,1993-10-01,349800.0,6.8,145.6,5.334,1392.0,67.8515,467.829987,375.422,671.6,10091.049,-73.449
106,1993-11-01,341000.0,6.6,146.0,5.724,1376.0,68.1326,461.790009,,,,
107,1993-12-01,323000.0,6.5,146.3,5.7740909090909085,1533.0,68.5054,466.450012,,,,
108,1994-01-01,359200.0,6.6,146.3,5.7505,1272.0,68.7648,481.609985,404.995,681.232,10188.954,-80.595
109,1994-02-01,348500.0,6.6,146.7,5.9731578947368416,1337.0,68.7836,467.140015,,,,
110,1994-03-01,335750.0,6.5,147.1,6.482608695652174,1564.0,69.4766,445.769989,,,,
111,1994-04-01,344000.0,6.4,147.2,6.9721052631578955,1465.0,69.8703,450.910004,418.333,706.988,10327.019,-90.572
112,1994-05-01,359000.0,6.1,147.5,7.183333333333333,1526.0,70.2281,456.5,,,,
113,1994-06-01,340000.0,6.1,147.9,7.1013636363636365,1409.0,70.6763,444.269989,,,,
114,1994-07-01,342200.0,6.1,148.4,7.298,1439.0,70.7846,458.26001,439.704,736.883,10387.382,-96.868
115,1994-08-01,336250.0,6.0,149.0,7.236086956521739,1450.0,71.2053,475.48999,,,,
116,1994-09-01,330250.0,5.9,149.3,7.457142857142857,1474.0,71.4767,462.709991,,,,
117,1994-10-01,333400.0,5.8,149.4,7.744,1450.0,72.082,472.350006,453.102,758.646,10506.372,-101.913
118,1994-11-01,328000.0,5.6,149.8,7.955,1511.0,72.5263,453.690002,,,,
119,1994-12-01,323200.0,5.5,150.1,7.813809523809523,1455.0,73.2879,459.269989,,,,
120,1995-01-01,333500.0,5.6,150.5,7.7795,1407.0,73.4219,470.420013,467.603,781.57,10543.644,-105.329
121,1995-02-01,337750.0,5.4,150.9,7.469473684210526,1316.0,73.3025,487.390015,,,,
122,1995-03-01,340250.0,5.4,151.2,7.204782608695652,1249.0,73.4081,500.709991,,,,
123,1995-04-01,350200.0,5.8,151.8,7.062631578947368,1267.0,73.3612,514.710022,491.19,798.851,10575.1,-109.492
124,1995-05-01,370250.0,5.6,152.1,6.632727272727273,1314.0,73.6104,533.400024,,,,
125,1995-06-01,366250.0,5.6,152.4,6.168181818181818,1281.0,73.8602,544.75,,,,
126,1995-07-01,371400.0,5.7,152.6,6.278,1461.0,73.5664,562.059998,498.739,831.399,10665.06,-74.444
127,1995-08-01,356250.0,5.7,152.9,6.4882608695652175,1416.0,74.495,561.880005,,,,
128,1995-09-01,362000.0,5.6,153.1,6.1975,1369.0,74.7937,584.409973,,,,
129,1995-10-01,371500.0,5.5,153.5,6.044761904761905,1369.0,74.7017,581.5,505.677,839.421,10737.478,-69.78
130,1995-11-01,377000.0,5.6,153.7,5.930476190476191,1452.0,74.8897,605.369995,,,,
131,1995-12-01,365000.0,5.6,153.9,5.7115,1431.0,75.1755,615.929993,,,,
132,1996-01-01,374000.0,5.6,154.7,5.652380952380952,1467.0,74.6841,636.02002,524.958,847.94,10817.896,-88.795
133,1996-02-01,377250.0,5.5,155.0,5.8055,1491.0,75.8344,640.429993,,,,
134,1996-03-01,386400.0,5.5,155.5,6.268571428571429,1424.0,75.7631,645.5,,,,
135,1996-04-01,359250.0,5.6,156.1,6.511363636363637,1516.0,76.4562,654.169983,526.924,859.042,10998.322,-93.709
136,1996-05-01,344500.0,5.6,156.4,6.736818181818181,1504.0,77.0161,669.119995,,,,
137,1996-06-01,342200.0,5.3,156.7,6.912,1467.0,77.6669,670.630005,,,,
138,1996-07-01,337000.0,5.5,157.0,6.865454545454545,1472.0,77.5662,639.950012,522.644,859.577,11096.976,-114.18
139,1996-08-01,331800.0,5.1,157.2,6.635454545454546,1557.0,78.016,651.98999,,,,
140,1996-09-01,342750.0,5.2,157.7,6.832,1475.0,78.5532,687.330017,,,,
141,1996-10-01,339000.0,5.2,158.2,6.533636363636364,1392.0,78.5065,705.27002,534.89,903.798,11212.205,-88.822
142,1996-11-01,336400.0,5.4,158.7,6.203684210526316,1489.0,79.1996,757.02002,,,,
143,1996-12-01,353500.0,5.4,159.1,6.302380952380952,1370.0,79.7143,740.73999,,,,
144,1997-01-01,339000.0,5.3,159.4,6.5790476190476195,1355.0,79.8273,786.159973,546.764,918.374,11284.587,-108.839
145,1997-02-01,320750.0,5.2,159.7,6.419473684210526,1486.0,80.793,790.820007,,,,
146,1997-03-01,319400.0,5.2,159.8,6.6945,1457.0,81.334,757.119995,,,,
147,1997-04-01,327000.0,5.1,159.9,6.885454545454546,1492.0,81.3531,801.340027,565.264,954.45,11472.137,-85.201
148,1997-05-01,323800.0,4.9,159.9,6.710952380952381,1442.0,81.8293,848.280029,,,,
149,1997-06-01,325500.0,5.0,160.2,6.493809523809524,1494.0,82.2285,885.140015,,,,
150,1997-07-01,320250.0,4.9,160.4,6.220454545454546,1437.0,82.8557,954.309998,587.262,974.057,11615.636,-96.831
151,1997-08-01,330200.0,4.8,160.8,6.298571428571429,1390.0,83.7214,899.469971,,,,
152,1997-09-01,315250.0,4.9,161.2,6.208571428571429,1546.0,84.4651,947.280029,,,,
153,1997-10-01,310000.0,4.7,161.5,6.029545454545455,1520.0,85.1918,914.619995,589.208,968.33,11715.393,-117.014
154,1997-11-01,314600.0,4.6,161.7,5.875,1510.0,85.9397,955.400024,,,,
155,1997-12-01,313250.0,4.7,161.8,5.808636363636364,1566.0,86.2047,970.429993,,,,
156,1998-01-01,321200.0,4.6,162.0,5.5445,1525.0,86.6474,980.280029,514.609,963.021,11832.486,-135.215
157,1998-02-01,319000.0,4.6,162.0,5.574736842105263,1584.0,86.7612,1049.339966,,,,
158,1998-03-01,315000.0,4.7,162.0,5.647272727272727,1567.0,86.8198,1101.75,,,,
159,1998-04-01,311000.0,4.3,162.2,5.637619047619048,1540.0,87.1411,1111.75,512.233,947.295,11942.032,-162.331
160,1998-05-01,311200.0,4.4,162.6,5.6525,1536.0,87.6952,1090.819946,,,,
161,1998-06-01,338000.0,4.5,162.8,5.496363636363637,1641.0,87.145,1133.839966,,,,
162,1998-07-01,333000.0,4.5,163.2,5.461363636363637,1698.0,86.8423,1120.670044,507.761,935.263,12091.614,-174.634
163,1998-08-01,312600.0,4.5,163.4,5.341904761904762,1614.0,88.6247,957.280029,,,,
164,1998-09-01,304000.0,4.6,163.5,4.806666666666667,1582.0,88.4515,1017.01001,,,,
165,1998-10-01,310600.0,4.5,163.9,4.53,1715.0,89.1677,1098.670044,490.487,966.337,12287.0,-178.663
166,1998-11-01,316000.0,4.4,164.1,4.827368421052632,1660.0,89.1098,1163.630005,,,,
167,1998-12-01,316000.0,4.4,164.4,4.645,1792.0,89.4407,1229.22998,,,,
168,1999-01-01,326200.0,4.3,164.7,4.7221052631578955,1748.0,89.8594,1279.640015,523.039,962.357,12403.293,-207.731
169,1999-02-01,301500.0,4.4,164.7,4.998947368421053,1670.0,90.3386,1238.329956,,,,
170,1999-03-01,302750.0,4.2,164.8,5.232608695652174,1710.0,90.4819,1286.369995,,,,
171,1999-04-01,308500.0,4.3,165.9,5.1845454545454555,1553.0,90.7274,1335.180054,537.853,973.513,12498.694,-244.668
172,1999-05-01,301600.0,4.2,166.0,5.5395,1611.0,91.352,1301.839966,,,,
173,1999-06-01,294000.0,4.3,166.0,5.899545454545455,1559.0,91.1994,1372.709961,,,,
174,1999-07-01,298000.0,4.3,166.7,5.791904761904761,1669.0,91.7766,1328.719971,536.775,1003.226,12662.385,-275.3
175,1999-08-01,290750.0,4.2,167.1,5.9390909090909085,1648.0,92.1629,1320.410034,,,,
176,1999-09-01,289500.0,4.2,167.8,5.915238095238095,1635.0,91.774,1282.709961,,,,
177,1999-10-01,290400.0,4.1,168.1,6.112,1608.0,92.9979,1362.930054,556.245,1032.015,12877.593,-295.638
178,1999-11-01,281750.0,4.1,168.4,6.034,1648.0,93.4371,1388.910034,,,,
179,1999-12-01,278500.0,4.0,168.8,6.275454545454545,1708.0,94.1593,1469.25,,,,
180,2000-01-01,288400.0,4.0,169.3,6.661,1636.0,94.1758,1394.459961,527.574,1054.192,12924.179,-352.106
181,2000-02-01,293750.0,4.1,170.0,6.5195,1737.0,94.4557,1366.420044,,,,
182,2000-03-01,274750.0,4.0,171.0,6.256521739130434,1604.0,94.798,1498.579956,,,,
183,2000-04-01,271600.0,3.8,170.9,5.990526315789474,1626.0,95.4808,1452.430054,519.811,1092.458,13160.842,-358.736
184,2000-05-01,282250.0,4.0,171.2,6.440454545454545,1575.0,95.6435,1420.599976,,,,
185,2000-06-01,291000.0,4.0,172.2,6.097272727272728,1559.0,95.7353,1454.599976,,,,
186,2000-07-01,295000.0,4.0,172.7,6.054,1463.0,95.5906,1430.829956,513.298,1124.279,13178.419,-387.846
187,2000-08-01,312750.0,4.1,172.7,5.826086956521739,1541.0,95.3112,1517.680054,,,,
188,2000-09-01,300200.0,3.9,173.6,5.799,1507.0,95.679,1436.51001,,,,
189,2000-10-01,301000.0,3.9,173.9,5.738571428571428,1549.0,95.397,1429.400024,491.81,1114.092,13260.506,-401.511
190,2000-11-01,334250.0,3.9,174.2,5.717142857142857,1551.0,95.4229,1314.949951,,,,
191,2000-12-01,346000.0,3.9,174.6,5.2405,1532.0,95.1573,1320.280029,,,,
192,2001-01-01,340000.0,4.2,175.6,5.160952380952381,1600.0,94.5448,1366.01001,528.836,1095.054,13222.69,-390.755
193,2001-02-01,371250.0,4.2,176.0,5.098947368421053,1625.0,93.9398,1239.939941,,,,
194,2001-03-01,387200.0,4.3,176.1,4.885454545454546,1590.0,93.7201,1160.329956,,,,
195,2001-04-01,396750.0,4.4,176.4,5.141,1649.0,93.4469,1249.459961,551.684,1052.59,13299.984,-358.543
196,2001-05-01,394500.0,4.3,177.3,5.391363636363637,1605.0,92.876,1255.819946,,,,
197,2001-06-01,397200.0,4.5,177.7,5.284285714285714,1636.0,92.3208,1224.380005,,,,
198,2001-07-01,398000.0,4.6,177.4,5.236190476190476,1670.0,91.7933,1211.22998,505.61,996.394,13244.784,-365.976
199,2001-08-01,398000.0,4.9,177.4,4.971304347826087,1567.0,91.6795,1133.579956,,,,
200,2001-09-01,435000.0,5.0,178.1,4.731764705882353,1562.0,91.3289,1040.939941,,,,
201,2001-10-01,480750.0,5.3,177.6,4.566818181818181,1540.0,90.9315,1059.780029,489.453,954.505,13280.859,-356.441
202,2001-11-01,447500.0,5.5,177.5,4.6515,1602.0,90.486,1139.449951,,,,
203,2001-12-01,416800.0,5.7,177.4,5.0875,1568.0,90.5073,1148.079956,,,,
204,2002-01-01,408500.0,5.7,177.7,5.035714285714286,1698.0,91.0794,1130.199951,538.088,970.716,13397.002,-372.592
205,2002-02-01,399000.0,5.7,178.0,4.911578947368421,1829.0,91.0553,1106.72998,,,,
206,2002-03-01,415400.0,5.7,178.5,5.284,1642.0,91.798,1147.390015,,,,
207,2002-04-01,429250.0,5.9,179.3,5.21090909090909,1592.0,92.1771,1076.920044,596.152,1003.906,13478.152,-415.681
208,2002-05-01,409000.0,5.8,179.5,5.164545454545455,1764.0,92.5668,1067.140015,,,,
209,2002-06-01,387200.0,5.8,179.6,4.9265,1717.0,93.4476,989.820007,,,,
210,2002-07-01,386000.0,5.8,180.0,4.653181818181817,1655.0,93.2237,911.619995,652.139,1017.154,13538.072,-432.521
211,2002-08-01,393600.0,5.7,180.5,4.257272727272727,1633.0,93.2359,916.070007,,,,
212,2002-09-01,409500.0,5.7,180.8,3.87,1804.0,93.3654,815.280029,,,,
213,2002-10-01,407500.0,5.7,181.2,3.9409090909090905,1648.0,93.0834,885.76001,725.113,1003.188,13559.032,-480.814
214,2002-11-01,392200.0,5.9,181.5,4.0484210526315785,1753.0,93.5693,936.309998,,,,
215,2002-12-01,414250.0,6.0,181.8,4.032380952380952,1788.0,93.1103,879.820007,,,,
216,2003-01-01,395000.0,5.8,182.6,4.048571428571429,1853.0,93.8198,855.700012,721.524,1008.18,13634.253,-504.852
217,2003-02-01,411000.0,5.9,183.6,3.902631578947368,1629.0,93.9532,841.150024,,,,
218,2003-03-01,427400.0,5.9,183.9,3.807142857142857,1726.0,93.7358,848.179993,,,,
219,2003-04-01,436250.0,6.0,183.2,3.9585714285714286,1643.0,93.0657,916.919983,723.377,1007.93,13751.543,-501.536
220,2003-05-01,424000.0,6.1,182.9,3.5690476190476192,1751.0,93.0918,963.590027,,,,
221,2003-06-01,421750.0,6.3,183.1,3.3342857142857145,1867.0,93.2476,974.5,,,,
222,2003-07-01,411500.0,6.2,183.7,3.9754545454545456,1897.0,93.6582,990.309998,763.915,1038.108,13985.073,-500.763
223,2003-08-01,400200.0,6.1,184.5,4.445238095238095,1833.0,93.5246,1008.01001,,,,
224,2003-09-01,395500.0,6.1,185.1,4.274285714285714,1939.0,94.0751,995.969971,,,,
225,2003-10-01,382000.0,6.0,184.9,4.290454545454546,1967.0,94.2079,1050.709961,816.612,1090.49,14145.645,-505.355
226,2003-11-01,363000.0,5.8,185.0,4.3,2083.0,94.9338,1058.199951,,,,
227,2003-12-01,358250.0,5.7,185.5,4.267727272727273,2057.0,94.8662,1111.920044,,,,
228,2004-01-01,360200.0,5.7,186.3,4.1505,1911.0,95.1085,1131.130005,928.229,1137.713,14221.147,-548.966
229,2004-02-01,360750.0,5.6,186.7,4.08421052631579,1846.0,95.6847,1144.939941,,,,
230,2004-03-01,342000.0,5.8,187.1,3.8265217391304343,1998.0,95.2088,1126.209961,,,,
231,2004-04-01,348250.0,5.6,187.4,4.347619047619048,2003.0,95.6385,1107.300049,967.703,1167.759,14329.523,-608.024
232,2004-05-01,336200.0,5.6,188.2,4.7155,1981.0,96.3966,1120.680054,,,,
233,2004-06-01,349000.0,5.6,188.9,4.733809523809524,1828.0,95.6019,1140.839966,,,,
234,2004-07-01,343000.0,5.5,189.1,4.498095238095239,2002.0,96.3385,1101.719971,1010.194,1182.712,14464.984,-636.429
235,2004-08-01,340750.0,5.4,189.2,4.281363636363637,2024.0,96.4095,1104.23999,,,,
236,2004-09-01,337250.0,5.4,189.8,4.1257142857142854,1905.0,96.4907,1114.579956,,,,
237,2004-10-01,334000.0,5.5,190.8,4.097,2072.0,97.4094,1130.199951,1010.647,1222.34,14609.876,-682.881
238,2004-11-01,328750.0,5.4,191.7,4.194,1782.0,97.6137,1173.819946,,,,
239,2004-12-01,325250.0,5.4,191.7,4.2309090909090905,2042.0,98.3318,1211.920044,,,,
240,2005-01-01,343400.0,5.3,191.6,4.2215,2144.0,98.7845,1181.27002,1228.657,1264.763,14771.602,-674.59
241,2005-02-01,311750.0,5.4,192.4,4.165263157894737,2207.0,99.4639,1203.599976,,,,
242,2005-03-01,332000.0,5.2,193.1,4.497727272727273,1864.0,99.3061,1180.589966,,,,
243,2005-04-01,323200.0,5.2,193.7,4.3409523809523805,2061.0,99.4734,1156.849976,1252.584,1296.03,14839.782,-690.79
244,2005-05-01,327000.0,5.1,193.6,4.144285714285713,2025.0,99.6033,1191.5,,,,
245,2005-06-01,325750.0,5.0,193.7,3.9981818181818176,2068.0,99.9853,1191.329956,,,,
246,2005-07-01,324400.0,5.0,194.9,4.1775,2054.0,99.6692,1234.180054,1296.981,1307.139,14972.054,-732.505
247,2005-08-01,315750.0,4.9,196.1,4.262608695652173,2095.0,99.9435,1220.329956,,,,
248,2005-09-01,382750.0,5.0,198.8,4.19904761904762,2151.0,98.0779,1228.810059,,,,
249,2005-10-01,352200.0,5.0,199.1,4.4635,2065.0,99.3149,1207.01001,1363.54,1352.968,15066.597,-786.886
250,2005-11-01,317250.0,5.0,198.1,4.535,2147.0,100.3216,1249.47998,,,,
251,2005-12-01,316400.0,4.9,198.1,4.467142857142857,1994.0,100.9437,1248.290039,,,,
252,2006-01-01,295750.0,4.7,199.3,4.416,2273.0,101.0627,1280.079956,1387.911,1413.011,15267.026,-777.158
253,2006-02-01,290750.0,4.8,199.4,4.568947368421052,2119.0,101.0669,1280.660034,,,,
254,2006-03-01,301750.0,4.7,199.7,4.723913043478261,1969.0,101.2751,1294.869995,,,,
255,2006-04-01,303600.0,4.7,200.7,4.990526315789474,1821.0,101.6813,1310.609985,1425.152,1459.973,15302.705,-780.585
256,2006-05-01,332750.0,4.6,201.3,5.11,1942.0,101.579,1270.089966,,,,
257,2006-06-01,305500.0,4.6,201.8,5.106363636363636,1802.0,101.9693,1270.199951,,,,
258,2006-07-01,318800.0,4.7,202.9,5.0875,1737.0,101.9319,1276.660034,1444.791,1477.849,15326.368,-805.63
259,2006-08-01,314250.0,4.7,203.8,4.8765217391304345,1650.0,102.3327,1303.819946,,,,
260,2006-09-01,316200.0,4.5,202.8,4.719,1720.0,102.1252,1335.849976,,,,
261,2006-10-01,315500.0,4.4,201.9,4.729047619047619,1491.0,102.0668,1377.939941,1398.202,1539.619,15456.928,-720.325
262,2006-11-01,326250.0,4.5,202.0,4.595238095238095,1570.0,101.9688,1400.630005,,,,
263,2006-12-01,324000.0,4.4,203.1,4.5645,1649.0,103.0292,1418.300049,,,,
264,2007-01-01,317250.0,4.6,203.437,4.7595238095238095,1409.0,102.4933,1438.23999,1325.943,1577.081,15493.328,-724.314
265,2007-02-01,322750.0,4.5,204.226,4.722631578947368,1480.0,103.5264,1406.819946,,,,
266,2007-03-01,309400.0,4.4,205.288,4.564545454545455,1495.0,103.7521,1420.859985,,,,
267,2007-04-01,320250.0,4.5,205.904,4.693809523809524,1490.0,104.4814,1482.369995,1400.804,1622.14,15582.085,-731.908
268,2007-05-01,304250.0,4.4,206.755,4.746363636363637,1415.0,104.5322,1530.619995,,,,
269,2007-06-01,315200.0,4.6,207.234,5.102857142857143,1448.0,104.5617,1503.349976,,,,
270,2007-07-01,313250.0,4.7,207.603,5.004285714285714,1354.0,104.5227,1455.27002,1345.84,1683.704,15666.738,-713.796
271,2007-08-01,320000.0,4.6,207.667,4.674782608695652,1330.0,104.7556,1473.98999,,,,
272,2007-09-01,313400.0,4.7,208.547,4.521578947368421,1183.0,105.1611,1526.75,,,,
273,2007-10-01,328250.0,4.7,209.19,4.527727272727272,1264.0,104.7171,1549.380005,1368.063,1760.49,15761.967,-703.687
274,2007-11-01,336000.0,4.7,210.834,4.1485,1197.0,105.3338,1481.140015,,,,
275,2007-12-01,348200.0,5.0,211.445,4.0975,1037.0,105.3457,1468.359985,,,,
276,2008-01-01,338750.0,5.0,212.174,3.7442857142857138,1084.0,105.0619,1378.550049,1260.771,1810.993,15671.383,-756.179
277,2008-02-01,346750.0,4.9,212.687,3.7375,1103.0,104.7094,1330.630005,,,,
278,2008-03-01,363400.0,5.1,213.448,3.51,1005.0,104.4616,1322.699951,,,,
279,2008-04-01,359500.0,5.0,213.942,3.675,1013.0,103.6704,1385.589966,1285.329,1909.719,15752.308,-758.947
280,2008-05-01,366800.0,5.4,215.208,3.88,973.0,103.0863,1400.380005,,,,
281,2008-06-01,383250.0,5.6,217.463,4.099523809523809,1046.0,102.8445,1280.0,,,,
282,2008-07-01,398000.0,5.8,219.016,4.007727272727273,923.0,102.3002,1267.380005,1226.043,1921.772,15667.032,-771.564
283,2008-08-01,433000.0,6.1,218.69,3.8857142857142857,844.0,100.7353,1282.829956,,,,
284,2008-09-01,464000.0,6.1,218.877,3.686190476190476,820.0,96.3666,1166.359985,,,,
285,2008-10-01,475250.0,6.5,216.995,3.814090909090909,777.0,97.2832,968.75,721.414,1705.736,15328.027,-605.663
286,2008-11-01,519800.0,6.8,213.153,3.526666666666667,652.0,96.0605,896.23999,,,,
287,2008-12-01,564000.0,7.3,211.398,2.4163636363636365,560.0,93.2521,903.25,,,,
288,2009-01-01,572000.0,7.8,211.933,2.5175,490.0,91.0373,825.880005,1082.708,1514.327,15155.94,-396.112
289,2009-02-01,644000.0,8.3,212.705,2.87,582.0,90.4502,735.090027,,,,
290,2009-03-01,659250.0,8.7,212.495,2.8195454545454544,505.0,89.016,797.869995,,,,
291,2009-04-01,627750.0,9.0,212.709,2.9271428571428566,478.0,88.3056,872.809998,1161.627,1518.333,15134.117,-338.611
292,2009-05-01,612000.0,9.4,213.022,3.293,540.0,87.4155,919.140015,,,,
293,2009-06-01,598250.0,9.5,214.79,3.7218181818181817,585.0,87.0742,919.320007,,,,
294,2009-07-01,566500.0,9.5,214.726,3.5622727272727275,594.0,88.0323,987.47998,1346.957,1591.059,15189.222,-405.497
295,2009-08-01,559200.0,9.6,215.445,3.5871428571428567,586.0,89.019,1020.619995,,,,
296,2009-09-01,547500.0,9.8,215.861,3.4019047619047615,585.0,89.6926,1057.079956,,,,
297,2009-10-01,525400.0,10.0,216.509,3.387619047619048,534.0,89.9797,1036.189941,1462.942,1704.264,15356.058,-445.584
298,2009-11-01,494000.0,9.9,217.234,3.4026315789473682,588.0,90.3375,1095.630005,,,,
299,2009-12-01,485500.0,9.9,217.347,3.59,581.0,90.6132,1115.099976,,,,
300,2010-01-01,479800.0,9.8,217.488,3.733157894736842,614.0,91.6642,1073.869995,1530.604,1746.875,15415.145,-489.179
301,2010-02-01,485750.0,9.8,217.281,3.6910526315789474,604.0,91.994,1104.48999,,,,
302,2010-03-01,470250.0,9.9,217.353,3.7273913043478255,636.0,92.5993,1169.430054,,,,
303,2010-04-01,469000.0,9.9,217.403,3.8468181818181817,687.0,92.9436,1186.689941,1517.068,1810.006,15557.277,-519.127
304,2010-05-01,459400.0,9.6,217.29,3.42,583.0,94.2997,1089.410034,,,,
305,2010-06-01,460500.0,9.4,217.199,3.2040909090909087,536.0,94.4397,1030.709961,,,,
306,2010-07-01,459200.0,9.4,217.605,3.0114285714285716,546.0,94.8536,1101.599976,1600.154,1865.624,15671.967,-535.095
307,2010-08-01,475000.0,9.5,217.923,2.698636363636364,599.0,95.1448,1049.329956,,,,
308,2010-09-01,453500.0,9.5,218.275,2.647619047619048,594.0,95.3637,1141.199951,,,,
309,2010-10-01,446800.0,9.4,219.035,2.54,543.0,95.1109,1183.26001,1599.159,1962.617,15750.625,-512.21
310,2010-11-01,426250.0,9.8,219.59,2.763,545.0,95.1383,1180.550049,,,,
311,2010-12-01,420250.0,9.3,220.472,3.290909090909091,539.0,96.0599,1257.640015,,,,
312,2011-01-01,426800.0,9.1,221.187,3.394,630.0,95.9364,1286.119995,1464.223,2030.271,15712.754,-561.474
313,2011-02-01,401500.0,9.0,221.898,3.576315789473684,517.0,95.5154,1327.219971,,,,
314,2011-03-01,406000.0,9.0,223.046,3.4143478260869564,600.0,96.4643,1325.829956,,,,
315,2011-04-01,420600.0,9.1,224.093,3.455,554.0,96.1187,1363.609985,1529.084,2105.084,15825.096,-581.865
316,2011-05-01,422500.0,9.0,224.806,3.1685714285714286,561.0,96.3377,1345.199951,,,,
317,2011-06-01,418250.0,9.1,224.806,3.0022727272727274,608.0,96.6154,1320.640015,,,,
318,2011-07-01,412600.0,9.0,225.395,3.003,623.0,97.1292,1292.280029,1539.465,2138.792,15820.7,-573.85
319,2011-08-01,409500.0,9.0,226.106,2.3030434782608697,585.0,97.6731,1218.890015,,,,
320,2011-09-01,417750.0,9.0,226.597,1.9752380952380952,650.0,97.6494,1131.420044,,,,
321,2011-10-01,402400.0,8.8,226.75,2.152,610.0,98.3222,1253.300049,1617.095,2137.832,16004.107,-600.657
322,2011-11-01,389250.0,8.6,227.169,2.0135,711.0,98.2433,1246.959961,,,,
323,2011-12-01,377000.0,8.5,227.223,1.978095238095238,694.0,98.7876,1257.599976,,,,
324,2012-01-01,377750.0,8.3,227.842,1.9665,723.0,99.3925,1312.410034,1880.022,2164.599,16129.418,-615.102
325,2012-02-01,363250.0,8.3,228.329,1.9675,704.0,99.6203,1365.680054,,,,
326,2012-03-01,366600.0,8.2,228.807,2.172727272727273,695.0,99.1551,1408.469971,,,,
327,2012-04-01,381750.0,8.2,229.187,2.052857142857143,753.0,99.9006,1397.910034,1801.743,2192.129,16198.807,-580.505
328,2012-05-01,373500.0,8.2,228.713,1.8031818181818184,708.0,100.0924,1310.329956,,,,
329,2012-06-01,379200.0,8.2,228.524,1.6223809523809525,757.0,100.0728,1362.160034,,,,
330,2012-07-01,372500.0,8.2,228.59,1.5266666666666668,740.0,100.3354,1379.319946,1818.331,2201.78,16220.667,-540.838
331,2012-08-01,373250.0,8.1,229.918,1.6782608695652175,754.0,99.856,1406.579956,,,,
332,2012-09-01,381800.0,7.8,231.015,1.723157894736842,847.0,99.9049,1440.670044,,,,
333,2012-10-01,368500.0,7.8,231.638,1.7461904761904763,915.0,100.1167,1412.160034,1785.961,2206.611,16239.138,-537.839
334,2012-11-01,401250.0,7.7,231.249,1.654,833.0,100.5991,1416.180054,,,,
335,2012-12-01,359000.0,7.9,231.221,1.719,976.0,100.9542,1426.189941,,,,
336,2013-01-01,353000.0,8.0,231.679,1.9147619047619049,888.0,100.8204,1498.109985,1766.372,2239.163,16382.964,-516.863
337,2013-02-01,353000.0,7.7,232.937,1.9842105263157892,962.0,101.3995,1514.680054,,,,
338,2013-03-01,351800.0,7.5,232.282,1.9575,1010.0,101.8114,1569.189941,,,,
339,2013-04-01,347250.0,7.6,231.797,1.7590909090909093,835.0,101.6364,1597.569946,1757.557,2250.667,16403.18,-508.931
340,2013-05-01,347750.0,7.5,231.893,1.9281818181818184,930.0,101.7476,1630.73999,,,,
341,2013-06-01,344600.0,7.5,232.445,2.3,839.0,101.9549,1606.280029,,,,
342,2013-07-01,346000.0,7.3,232.9,2.5822727272727275,880.0,101.5204,1685.72998,1792.757,2269.443,16531.685,-496.282
343,2013-08-01,333400.0,7.2,233.456,2.7372727272727277,917.0,102.1907,1632.969971,,,,
344,2013-09-01,314000.0,7.2,233.544,2.8095,850.0,102.717,1681.550049,,,,
345,2013-10-01,358500.0,7.2,233.669,2.6159090909090907,925.0,102.5371,1756.540039,1838.838,2334.44,16663.649,-441.051
346,2013-11-01,328200.0,6.9,234.1,2.718421052631579,1100.0,102.8379,1805.810059,,,,
347,2013-12-01,346000.0,6.7,234.719,2.9019047619047615,1002.0,103.1504,1848.359985,,,,
348,2014-01-01,326750.0,6.6,235.288,2.858095238095238,888.0,102.7216,1782.589966,1767.596,2335.909,16616.54,-506.318
349,2014-02-01,335250.0,6.7,235.547,2.7094736842105265,944.0,103.5917,1859.449951,,,,
350,2014-03-01,321000.0,6.7,236.028,2.723333333333333,970.0,104.5889,1872.339966,,,,
351,2014-04-01,322750.0,6.2,236.468,2.705238095238095,1043.0,104.6371,1883.949951,1865.14,2387.115,16841.475,-507.643
352,2014-05-01,313800.0,6.3,236.918,2.559047619047619,1007.0,105.0152,1923.569946,,,,
353,2014-06-01,313500.0,6.1,237.231,2.5985714285714288,911.0,105.4081,1960.22998,,,,
354,2014-07-01,301750.0,6.2,237.498,2.5422727272727275,1085.0,105.6157,1930.670044,1917.769,2391.892,17047.098,-492.266
355,2014-08-01,302000.0,6.1,237.46,2.42,984.0,105.4986,2003.369995,,,,
356,2014-09-01,295000.0,5.9,237.477,2.5342857142857143,1023.0,105.8138,1972.290039,,,,
357,2014-10-01,288750.0,5.7,237.43,2.3040909090909087,1074.0,105.8357,2018.050049,1879.109,2371.898,17143.038,-524.406
358,2014-11-01,291600.0,5.8,236.983,2.325555555555556,1001.0,106.6634,2067.560059,,,,
359,2014-12-01,284500.0,5.6,236.252,2.2072727272727275,1073.0,106.5085,2058.899902,,,,
360,2015-01-01,287600.0,5.7,234.747,1.8815,1085.0,105.9806,1994.98999,1770.989,2295.028,17305.752,-528.778
361,2015-02-01,301250.0,5.5,235.342,1.9752631578947368,886.0,105.4425,2104.5,,,,
362,2015-03-01,284000.0,5.4,235.976,2.042727272727273,960.0,105.1464,2067.889893,,,,
363,2015-04-01,286000.0,5.4,236.222,1.935,1190.0,104.5272,2085.51001,1789.321,2296.204,17422.845,-508.342
364,2015-05-01,274000.0,5.6,237.001,2.1975,1079.0,104.0742,2107.389893,,,,
365,2015-06-01,273750.0,5.3,237.657,2.363636363636364,1205.0,103.7174,2063.110107,,,,
366,2015-07-01,277750.0,5.2,238.034,2.3245454545454542,1146.0,104.3243,2103.840088,1732.347,2255.524,17486.021,-542.67
367,2015-08-01,275200.0,5.1,238.033,2.167142857142857,1130.0,104.1621,1972.180054,,,,
368,2015-09-01,269500.0,5.0,237.498,2.1728571428571426,1224.0,103.7768,1920.030029,,,,
369,2015-10-01,267000.0,5.0,237.733,2.07,1058.0,103.3976,2079.360107,1635.297,2216.692,17514.062,-526.494
370,2015-11-01,268500.0,5.1,238.017,2.263157894736842,1172.0,102.6866,2080.409912,,,,
371,2015-12-01,271000.0,5.0,237.761,2.2427272727272727,1146.0,102.1014,2043.939941,,,,
372,2016-01-01,279400.0,4.8,237.652,2.0852631578947367,1103.0,102.9525,1940.23999,1693.864,2177.265,17613.264,-513.898
373,2016-02-01,267250.0,4.9,237.336,1.7795,1203.0,102.2225,1932.22998,,,,
374,2016-03-01,264250.0,5.0,238.08,1.8890909090909087,1114.0,101.4155,2059.73999,,,,
375,2016-04-01,265200.0,5.1,238.992,1.8052380952380953,1158.0,101.5167,2065.300049,1752.403,2207.832,17668.203,-492.334
376,2016-05-01,275250.0,4.8,239.557,1.806190476190476,1131.0,101.4298,2096.949951,,,,
377,2016-06-01,265250.0,4.9,240.222,1.6440909090909093,1200.0,101.8747,2098.860107,,,,
378,2016-07-01,260600.0,4.8,240.101,1.504,1245.0,102.1325,2173.600098,1743.196,2258.175,17764.388,-497.713
379,2016-08-01,264500.0,4.9,240.545,1.556521739130435,1155.0,102.0407,2170.949951,,,,
380,2016-09-01,252250.0,5.0,241.176,1.6304761904761904,1072.0,102.0477,2168.27002,,,,
381,2016-10-01,256600.0,4.9,241.741,1.7645,1321.0,102.2485,2126.149902,1805.959,2265.425,17876.179,-546.102
382,2016-11-01,247750.0,4.7,242.026,2.142,1150.0,102.0507,2198.810059,,,,
383,2016-12-01,251000.0,4.7,242.637,2.4919047619047614,1267.0,102.9281,2238.830078,,,,
384,2017-01-01,246750.0,4.7,243.62,2.4325,1206.0,103.0366,2278.870117,1899.067,2326.357,17977.299,-543.562
385,2017-02-01,239250.0,4.6,243.872,2.418947368421053,1282.0,102.6479,2363.639893,,,,
386,2017-03-01,250250.0,4.4,243.766,2.4817391304347822,1186.0,103.343,2362.719971,,,,
387,2017-04-01,241800.0,4.5,244.274,2.297368421052632,1150.0,104.2721,2384.199951,1885.436,2333.107,18054.052,-559.521
388,2017-05-01,239750.0,4.4,244.069,2.303636363636364,1123.0,104.4129,2411.800049,,,,
389,2017-06-01,240500.0,4.3,244.218,2.1868181818181816,1243.0,104.5849,2423.409912,,,,
390,2017-07-01,244800.0,4.3,244.28,2.318,1207.0,104.5427,2470.300049,1934.366,2370.118,18185.636,-543.581
391,2017-08-01,240500.0,4.4,245.205,2.2091304347826086,1163.0,104.0475,2471.649902,,,,
392,2017-09-01,270200.0,4.2,246.551,2.202,1174.0,104.0502,2519.360107,,,,
393,2017-10-01,237250.0,4.1,246.657,2.36,1256.0,105.6287,2575.26001,1768.632,2468.658,18359.432,-575.47
394,2017-11-01,240250.0,4.2,247.378,2.353333333333333,1300.0,106.193,2647.580078,,,,
395,2017-12-01,237600.0,4.1,247.736,2.4025,1199.0,106.536,2673.610107,,,,
396,2018-01-01,234500.0,4.0,248.721,2.583809523809524,1314.0,106.2655,2823.810059,1900.187,2507.185,18530.483,-589.808
397,2018-02-01,220000.0,4.1,249.3,2.858947368421053,1288.0,106.6419,2713.830078,,,,
398,2018-03-01,226000.0,4.0,249.517,2.8423809523809522,1335.0,107.2519,2640.870117,,,,
399,2018-04-01,222000.0,4.0,250.275,2.869047619047619,1269.0,108.2223,2648.050049,1907.847,2550.287,18654.383,-548.149
400,2018-05-01,221250.0,3.8,250.786,2.977727272727273,1334.0,107.3639,2705.27002,,,,
401,2018-06-01,221400.0,4.0,251.152,2.9123809523809525,1190.0,108.1707,2718.370117,,,,
402,2018-07-01,216250.0,3.8,251.345,2.889047619047619,1195.0,108.652,2816.290039,1907.514,2523.896,18752.355,-646.433
403,2018-08-01,215250.0,3.8,251.735,2.889130434782609,1280.0,109.5246,2901.52002,,,,
404,2018-09-01,212600.0,3.7,252.183,3.004210526315789,1246.0,109.6749,2913.97998,,,,
405,2018-10-01,215500.0,3.8,252.899,3.152272727272728,1207.0,109.9165,2711.73999,1899.589,2533.449,18813.923,-653.448
406,2018-11-01,222250.0,3.8,252.822,3.117,1204.0,110.5067,2760.169922,,,,
407,2018-12-01,219600.0,3.9,252.493,2.8326315789473684,1117.0,110.5516,2506.850098,,,,
408,2019-01-01,220250.0,4.0,252.441,2.713809523809524,1272.0,110.1185,2704.100098,1894.367,2523.469,18950.347,-615.543
409,2019-02-01,225000.0,3.8,252.969,2.676315789473684,1137.0,109.5631,2784.48999,,,,
410,2019-03-01,217800.0,3.8,254.147,2.570952380952381,1203.0,109.6811,2834.399902,,,,
411,2019-04-01,215500.0,3.7,255.326,2.5323809523809526,1267.0,108.9888,2945.830078,1938.893,2514.644,19020.599,-644.744
412,2019-05-01,218250.0,3.7,255.371,2.395,1268.0,109.2264,2752.060059,,,,
413,2019-06-01,221000.0,3.6,255.423,2.074,1235.0,109.2774,2941.76001,,,,
414,2019-07-01,213750.0,3.6,255.925,2.0590909090909086,1212.0,109.0852,2980.379883,1920.338,2505.219,19141.744,-631.838
415,2019-08-01,216200.0,3.7,256.118,1.6263636363636365,1377.0,109.8543,2926.459961,,,,
416,2019-09-01,213000.0,3.5,256.532,1.6995,1274.0,109.4725,2976.73999,,,,
417,2019-10-01,215000.0,3.6,257.387,1.7068181818181818,1340.0,109.027,3037.560059,2000.736,2515.671,19253.959,-549.757
418,2019-11-01,214800.0,3.6,257.989,1.8121052631578949,1371.0,110.0388,3140.97998,,,,
419,2019-12-01,226000.0,3.6,258.203,1.8628571428571428,1587.0,109.6527,3230.780029,,,,
420,2020-01-01,212750.0,3.5,258.687,1.7576190476190476,1617.0,109.1845,3225.52002,1739.103,2438.71,19010.848,-494.307
421,2020-02-01,211400.0,3.5,258.824,1.5042105263157897,1567.0,109.2966,2954.219971,,,,
422,2020-03-01,2666750.0,4.4,257.989,0.87,1269.0,104.5221,2584.590088,,,,
423,2020-04-01,5040250.0,14.8,256.192,0.6576190476190475,934.0,91.2658,2912.429932,1557.064,1788.166,17302.511,-545.164
424,2020-05-01,2465800.0,13.3,255.942,0.674,1038.0,92.0613,3044.310059,,,,
425,2020-06-01,1499000.0,11.1,257.282,0.7286363636363636,1265.0,97.8019,3100.290039,,,,
426,2020-07-01,1368750.0,10.2,258.604,0.6236363636363637,1487.0,101.9086,3271.120117,2118.856,2071.577,18596.521,-736.124
